ID,species,sex,body_mass,claw_mass_before_papain,claw_mass_after_papain,muscle_mass,inert_mass,proportion_muscle,proportion_inert,proportion_weapon,total_mass,species_sex,log_total_mass,log_claw_mass,log10_total_mass,log10_claw_mass,percent_change,
AHF-1001,Alpheus heterochaelis,f,0.115832,0.040078,0.027018,0.01306,0.027018,0.325864564,0.233251606,0.257058559,0.15591,AHF,-0.807126028,-1.397093959,-0.807126028,-1.397093959,-65.3998895,
AHF-1002,Alpheus heterochaelis,f,0.186705,0.056419,0.037007,0.019412,0.037007,0.344068488,0.198211082,0.232058538,0.243124,AHF,-0.614172168,-1.248574616,-0.614172168,-1.248574616,-69.78174125,
AHF-1003,Alpheus heterochaelis,f,0.243181,0.07689,0.0557234,0.0211666,0.0557234,0.275284172,0.229143724,0.240227949,0.320071,AHF,-0.494753673,-1.114130139,-0.494753673,-1.114130139,-68.38157586,
AHF-1004,Alpheus heterochaelis,f,0.084959,0.032345,0.020677,0.011668,0.020677,0.360735817,0.243376217,0.275736548,0.117304,AHF,-0.930687178,-1.490192845,-0.930687178,-1.490192845,-61.92869502,
AHF-1005,Alpheus heterochaelis,f,0.275611,0.07093,0.051784,0.019146,0.051784,0.269928098,0.187888002,0.204679966,0.346541,AHF,-0.460245376,-1.14917004,-0.460245376,-1.14917004,-74.26445243,
AHF-1006,Alpheus heterochaelis,f,0.244816,0.070123,0.051593,0.01853,0.051593,0.264249961,0.210741945,0.222655816,0.314939,AHF,-0.501773556,-1.154139512,-0.501773556,-1.154139512,-71.35685576,
AHF-1008,Alpheus heterochaelis,f,0.064155,0.020389,0.011914,0.008475,0.011914,0.41566531,0.185706492,0.241164364,0.084544,AHF,-1.072917208,-1.690604074,-1.072917208,-1.690604074,-68.21915673,
AHF-1009,Alpheus heterochaelis,f,0.066115,0.021837,0.0128214,0.0090156,0.0128214,0.412858909,0.193925735,0.248283154,0.087952,AHF,-1.05575428,-1.660807026,-1.05575428,-1.660807026,-66.97118657,
AHF-1010,Alpheus heterochaelis,f,0.210721,0.058853,0.038777,0.020076,0.038777,0.341121098,0.184020577,0.218318532,0.269574,AHF,-0.569321997,-1.230231394,-0.569321997,-1.230231394,-72.07065266,
AHF-1011,Alpheus heterochaelis,f,0.194621,0.043076,0.025016,0.01806,0.025016,0.419258984,0.128537003,0.181222312,0.237697,AHF,-0.6239763,-1.365764632,-0.6239763,-1.365764632,-77.86672558,
AHF-1012,Alpheus heterochaelis,f,0.404013,0.072658,0.052435,0.020223,0.052435,0.278331361,0.129785428,0.152427985,0.476671,AHF,-0.321781269,-1.138716561,-0.321781269,-1.138716561,-82.01592523,
AHF-1014,Alpheus heterochaelis,f,0.089281,0.031454,0.018831,0.012623,0.018831,0.401316208,0.210918336,0.260520976,0.120735,AHF,-0.918166814,-1.502324118,-0.918166814,-1.502324118,-64.76965984,
AHF-1015,Alpheus heterochaelis,f,0.186678,0.051851,0.032867,0.018984,0.032867,0.366126015,0.176062525,0.21737818,0.238529,AHF,-0.622458813,-1.285242863,-0.622458813,-1.285242863,-72.22436495,
AHF-1017,Alpheus heterochaelis,f,0.082383,0.030808,0.019046,0.011762,0.019046,0.381783952,0.231188473,0.272177117,0.113191,AHF,-0.946188103,-1.511336494,-0.946188103,-1.511336494,-62.60393528,
AHF-1019,Alpheus heterochaelis,f,0.068964,0.024418,0.015655,0.008763,0.015655,0.358874601,0.227002494,0.261485083,0.093382,AHF,-1.029736829,-1.612289911,-1.029736829,-1.612289911,-64.59312105,
AHF-1020,Alpheus heterochaelis,f,0.065026,0.029944,0.017853,0.012091,0.017853,0.403787069,0.274551718,0.315299568,0.09497,AHF,-1.022413562,-1.523690186,-1.022413562,-1.523690186,-53.9507274,
AHF-1021,Alpheus heterochaelis,f,0.122254,0.051183,0.03593,0.015253,0.03593,0.298009105,0.293896314,0.29511004,0.173437,AHF,-0.760858247,-1.290874262,-0.760858247,-1.290874262,-58.13388519,
AHF-1022,Alpheus heterochaelis,f,0.232814,0.040295,0.026087,0.014208,0.026087,0.352599578,0.112050822,0.147541824,0.273109,AHF,-0.563663988,-1.39474884,-0.563663988,-1.39474884,-82.69219205,
AHF-1023,Alpheus heterochaelis,f,0.209708,0.051797,0.035728,0.016069,0.035728,0.310230322,0.170370229,0.198072695,0.261505,AHF,-0.582520003,-1.285695393,-0.582520003,-1.285695393,-75.30041772,
AHF-1024,Alpheus heterochaelis,f,0.056684,0.021673,0.013533,0.00814,0.013533,0.375582522,0.238744619,0.276593029,0.078357,AHF,-1.1059222,-1.664080969,-1.1059222,-1.664080969,-61.76522475,
AHF-1025,Alpheus heterochaelis,f,0.120276,0.04147,0.028334,0.013136,0.028334,0.316759103,0.235574845,0.256389648,0.161746,AHF,-0.791166451,-1.382265965,-0.791166451,-1.382265965,-65.52096844,
AHF-1026,Alpheus heterochaelis,f,0.201768,0.048495,0.032958,0.015537,0.032958,0.320383545,0.163346021,0.193776147,0.250263,AHF,-0.601603354,-1.314303036,-0.601603354,-1.314303036,-75.96496967,
AHF-1027,Alpheus heterochaelis,f,0.087066,0.032894,0.022039,0.010855,0.022039,0.329999392,0.25312981,0.274208069,0.11996,AHF,-0.920963543,-1.482883312,-0.920963543,-1.482883312,-62.21946569,
AHF-1028,Alpheus heterochaelis,f,0.060883,0.021438,0.014609,0.006829,0.014609,0.318546506,0.239952039,0.260419577,0.082321,AHF,-1.084489363,-1.668815733,-1.084489363,-1.668815733,-64.78820032,
AHF-1029,Alpheus heterochaelis,f,0.148397,0.046771,0.033932,0.012839,0.033932,0.274507708,0.228656914,0.239644819,0.195168,AHF,-0.709591388,-1.330023344,-0.709591388,-1.330023344,-68.48251649,
AHF-1030,Alpheus heterochaelis,f,0.064615,0.022299,0.014554,0.007745,0.014554,0.347324992,0.225241817,0.25656396,0.086914,AHF,-1.060910262,-1.651714612,-1.060910262,-1.651714612,-65.48943744,
AHF-1031,Alpheus heterochaelis,f,0.100243,0.03408,0.022129,0.011951,0.022129,0.350674883,0.220753569,0.253716787,0.134323,AHF,-0.871849617,-1.467500414,-0.871849617,-1.467500414,-66.00261365,
AHF-1032,Alpheus heterochaelis,f,0.210227,0.052636,0.036272,0.016364,0.036272,0.310889885,0.172537305,0.20024119,0.262863,AHF,-0.58027054,-1.278717122,-0.58027054,-1.278717122,-74.96230265,
AHF-1033,Alpheus heterochaelis,f,0.079109,0.026343,0.017054,0.009289,0.017054,0.352617394,0.215575977,0.24981034,0.105452,AHF,-0.976945179,-1.579334768,-0.976945179,-1.579334768,-66.70037543,
AHM-1001,Alpheus heterochaelis,m,0.113185,0.047328,0.030693,0.016635,0.030693,0.351483266,0.271175509,0.294854622,0.160513,AHM,-0.794489788,-1.324881848,-0.794489788,-1.324881848,-58.1852719,
AHM-1002,Alpheus heterochaelis,m,0.201804,0.077231,0.054833,0.022398,0.054833,0.290013078,0.271714138,0.276778899,0.279035,AHM,-0.554341319,-1.112208342,-0.554341319,-1.112208342,-61.72969812,
AHM-1003,Alpheus heterochaelis,m,0.140088,0.069421,0.049218,0.020203,0.049218,0.291021449,0.351336303,0.33135092,0.209509,AHM,-0.678797316,-1.158509135,-0.678797316,-1.158509135,-50.44472046,
AHM-1004,Alpheus heterochaelis,m,0.130105,0.062058,0.040301,0.021757,0.040301,0.350591382,0.309757504,0.322944584,0.192163,AHM,-0.71633023,-1.207202225,-0.71633023,-1.207202225,-52.30160255,
AHM-1005,Alpheus heterochaelis,m,0.082517,0.035444,0.022168,0.013276,0.022168,0.37456269,0.268647673,0.30047219,0.117961,AHM,-0.928261554,-1.450457272,-0.928261554,-1.450457272,-57.0464268,
AHM-1006,Alpheus heterochaelis,m,0.239831,0.11198,0.078718,0.033262,0.078718,0.297035185,0.32822279,0.318295903,0.351811,AHM,-0.453690586,-0.950859537,-0.453690586,-0.950859537,-53.30878827,
AHM-1007,Alpheus heterochaelis,m,0.239644,0.111987,0.077725,0.034262,0.077725,0.305946226,0.324335264,0.318478746,0.351631,AHM,-0.453912844,-0.950832389,-0.453912844,-0.950832389,-53.26943299,
AHM-1008,Alpheus heterochaelis,m,0.027789,0.009356,0.004598,0.004758,0.004598,0.508550663,0.165461154,0.251877776,0.037145,AHM,-1.430099637,-2.028909787,-1.430099637,-2.028909787,-66.33200187,
AHM-1009,Alpheus heterochaelis,m,0.153877,0.070079,0.048441,0.021638,0.048441,0.308765821,0.314803382,0.312914144,0.223956,AHM,-0.649837298,-1.154412104,-0.649837298,-1.154412104,-54.45778121,
AHM-1010,Alpheus heterochaelis,m,0.352353,0.157103,0.115421,0.041682,0.115421,0.265316385,0.327572066,0.30837403,0.509456,AHM,-0.292893319,-0.803815522,-0.292893319,-0.803815522,-55.4131794,
AHM-1011,Alpheus heterochaelis,m,0.280919,0.133796,0.095611,0.038185,0.095611,0.285397172,0.340350777,0.322621559,0.414715,AHM,-0.382250256,-0.87355687,-0.382250256,-0.87355687,-52.37203607,
AHM-1012,Alpheus heterochaelis,m,0.170018,0.074186,0.050676,0.02351,0.050676,0.316906155,0.298062558,0.303786998,0.244204,AHM,-0.612247227,-1.129678045,-0.612247227,-1.129678045,-56.36579656,
AHM-1013,Alpheus heterochaelis,m,0.037173,0.013185,0.007147,0.006038,0.007147,0.457944634,0.192263202,0.261825331,0.050358,AHM,-1.297931527,-1.879919866,-1.297931527,-1.879919866,-64.53070777,
AHM-1014,Alpheus heterochaelis,m,0.065922,0.03248,0.019263,0.013217,0.019263,0.40692734,0.292208974,0.330074592,0.098402,AHM,-1.006996075,-1.488383979,-1.006996075,-1.488383979,-50.72965019,
AHM-1015,Alpheus heterochaelis,m,0.087052,0.036115,0.023088,0.013027,0.023088,0.360708847,0.265220788,0.293219775,0.123167,AHM,-0.909505637,-1.442312381,-0.909505637,-1.442312381,-58.51330239,
AHM-1016,Alpheus heterochaelis,m,0.182885,0.072422,0.042513,0.029909,0.042513,0.412982243,0.232457555,0.283666331,0.255307,AHM,-0.592937278,-1.140129486,-0.592937278,-1.140129486,-60.40025152,
AHM-1017,Alpheus heterochaelis,m,0.102473,0.043418,0.028241,0.015177,0.028241,0.349555484,0.275594547,0.297605747,0.145891,AHM,-0.835971499,-1.362330186,-0.835971499,-1.362330186,-57.62981468,
AHM-1018,Alpheus heterochaelis,m,0.328599,0.137559,0.100227,0.037332,0.100227,0.271389004,0.305013101,0.295090935,0.466158,AHM,-0.331466858,-0.86151099,-0.331466858,-0.86151099,-58.13773018,
AHM-1019,Alpheus heterochaelis,m,0.082211,0.035591,0.022278,0.013313,0.022278,0.374055239,0.270985635,0.302125601,0.117802,AHM,-0.928847336,-1.448659809,-0.928847336,-1.448659809,-56.70773984,
AHM-1020,Alpheus heterochaelis,m,0.085226,0.030183,0.018657,0.011526,0.018657,0.381870589,0.218912069,0.26153073,0.115409,AHM,-0.937760322,-1.520237596,-0.937760322,-1.520237596,-64.58475113,
AHM-1021,Alpheus heterochaelis,m,0.288582,0.122709,0.086467,0.036242,0.086467,0.295349159,0.299627142,0.298350803,0.411291,AHM,-0.385850794,-0.911123583,-0.385850794,-0.911123583,-57.47863692,
AHM-1022,Alpheus heterochaelis,m,0.063328,0.020331,0.00917,0.011161,0.00917,0.548964635,0.144801668,0.243022269,0.083659,AHM,-1.077487331,-1.69184126,-1.077487331,-1.69184126,-67.89571753,
AHM-1023,Alpheus heterochaelis,m,0.198069,0.084534,0.053559,0.030975,0.053559,0.366420612,0.270405768,0.299126336,0.282603,AHM,-0.548823232,-1.07296858,-0.548823232,-1.07296858,-57.32093361,
AHM-1026,Alpheus heterochaelis,m,0.247825,0.121658,0.09103,0.030628,0.09103,0.25175492,0.367315646,0.329265487,0.369483,AHM,-0.432405539,-0.914859327,-0.432405539,-0.914859327,-50.90971452,
AHM-1027,Alpheus heterochaelis,m,0.080067,0.031661,0.019044,0.012617,0.019044,0.39850289,0.2378508,0.283375698,0.111728,AHM,-0.951837975,-1.499475372,-0.951837975,-1.499475372,-60.45686737,
AHM-1028,Alpheus heterochaelis,m,0.160243,0.072181,0.045874,0.026307,0.045874,0.364458791,0.286277716,0.31055743,0.232424,AHM,-0.633719029,-1.141577105,-0.633719029,-1.141577105,-54.95528666,
AHM-1030,Alpheus heterochaelis,m,0.087219,0.025887,0.013287,0.0126,0.013287,0.486730792,0.15234066,0.2288738,0.113106,AHM,-0.946514356,-1.586918276,-0.946514356,-1.586918276,-70.31954047,
AHM-1031,Alpheus heterochaelis,m,0.210822,0.086536,0.067518,0.019018,0.067518,0.219769807,0.320260694,0.291016216,0.297358,AHM,-0.526720373,-1.062803183,-0.526720373,-1.062803183,-58.95305044,
AHM-1032,Alpheus heterochaelis,m,0.064056,0.027091,0.018141,0.00895,0.018141,0.330368019,0.28320532,0.297223167,0.091147,AHM,-1.040257621,-1.567174964,-1.040257621,-1.567174964,-57.7073186,
AEF-1001,Alpheus estuariensis,f,0.014258,0.003212,0.001062,0.00215,0.001062,0.669364882,0.0744845,0.183858042,0.01747,AEF,-1.757707095,-2.493224463,-1.757707095,-2.493224463,-77.47229625,
AEF-1002,Alpheus estuariensis,f,0.091757,0.03993,0.024942,0.014988,0.024942,0.375356875,0.271826673,0.303218997,0.131687,AEF,-0.880457096,-1.39870069,-0.880457096,-1.39870069,-56.48288414,
AEF-1003,Alpheus estuariensis,f,0.030052,0.008955,0.004196,0.004759,0.004196,0.531434953,0.139624651,0.229574179,0.039007,AEF,-1.40885745,-2.04793441,-1.40885745,-2.04793441,-70.20165047,
AEF-1005,Alpheus estuariensis,f,0.053659,0.030306,0.017514,0.012792,0.017514,0.422094635,0.326394454,0.360936104,0.083965,AEF,-1.075901708,-1.518471381,-1.075901708,-1.518471381,-43.52112414,
AEF-1006,Alpheus estuariensis,F,0.049733,0.014366,0.005648,0.008718,0.005648,0.606849506,0.113566445,0.224122061,0.064099,AEF,-1.193148746,-1.842664138,-1.193148746,-1.842664138,-71.11374741,
AEF-1007,Alpheus estuariensis,f,0.057257,0.020095,0.010455,0.00964,0.010455,0.479721324,0.182597761,0.259786431,0.077352,AEF,-1.111528453,-1.696911989,-1.111528453,-1.696911989,-64.90385455,
AEF-1008,Alpheus estuariensis,f,0.037889,0.013382,0.006674,0.006708,0.006674,0.501270363,0.176146111,0.261005247,0.051271,AEF,-1.290128212,-1.873478974,-1.290128212,-1.873478974,-64.68104199,
AEF-1009,Alpheus estuariensis,f,0.092486,0.037349,0.0231,0.014249,0.0231,0.381509545,0.249767532,0.287665113,0.129835,AEF,-0.886608218,-1.427721022,-0.886608218,-1.427721022,-59.61659062,
AEF-1010,Alpheus estuariensis,f,0.076885,0.03081,0.019098,0.011712,0.019098,0.380136319,0.248396956,0.286085705,0.107695,AEF,-0.967804459,-1.511308302,-0.967804459,-1.511308302,-59.92716395,
AEF-1011,Alpheus estuariensis,f,0.059774,0.020254,0.011997,0.008257,0.011997,0.407672559,0.200705993,0.25308642,0.080028,AEF,-1.096758037,-1.693489194,-1.096758037,-1.693489194,-66.11570248,
AEF-1012,Alpheus estuariensis,f,0.075278,0.026193,0.014747,0.011446,0.014747,0.436986981,0.195900529,0.258132866,0.101471,AEF,-0.99365806,-1.581814757,-0.99365806,-1.581814757,-65.20497356,
AEF-1013,Alpheus estuariensis,f,0.067262,0.025024,0.011801,0.013223,0.011801,0.528412724,0.175448247,0.271157055,0.092286,AEF,-1.034864177,-1.601643269,-1.034864177,-1.601643269,-62.79622967,
AEF-1014,Alpheus estuariensis,f,0.051121,0.015769,0.008139,0.00763,0.008139,0.483860739,0.159210501,0.235745253,0.06689,AEF,-1.174638804,-1.802195847,-1.174638804,-1.802195847,-69.15357681,
AEF-1016,Alpheus estuariensis,f,0.073255,0.030742,0.019111,0.011631,0.019111,0.378342333,0.260883216,0.295604681,0.103997,AEF,-0.982979189,-1.512267882,-0.982979189,-1.512267882,-58.03426387,
AEF-1017,Alpheus estuariensis,f,0.079587,0.027664,0.017703,0.009961,0.017703,0.36007085,0.222435825,0.257936989,0.107251,AEF,-0.96959865,-1.558085024,-0.96959865,-1.558085024,-65.24055436,
AEF-1018,Alpheus estuariensis,f,0.060769,0.021758,0.012236,0.009522,0.012236,0.437632135,0.201352663,0.263647049,0.082527,AEF,-1.083403942,-1.662381028,-1.083403942,-1.662381028,-64.19556024,
AEF-1019,Alpheus estuariensis,f,0.046595,0.016236,0.009537,0.006699,0.009537,0.412601626,0.204678614,0.258407474,0.062831,AEF,-1.201826028,-1.789520957,-1.201826028,-1.789520957,-65.15505956,
AEF-1021,Alpheus estuariensis,f,0.068549,0.027997,0.015953,0.012044,0.015953,0.430188949,0.232724037,0.289986121,0.096546,AEF,-1.015265715,-1.552888503,-1.015265715,-1.552888503,-59.15768283,
AEF-1022,Alpheus estuariensis,f,0.040614,0.013539,0.006506,0.007033,0.006506,0.519462294,0.160191067,0.25001385,0.054153,AEF,-1.266377479,-1.868413412,-1.266377479,-1.868413412,-66.66420446,
AEF-1023,Alpheus estuariensis,f,0.056738,0.022676,0.010421,0.012255,0.010421,0.540439231,0.183668793,0.285541592,0.079414,AEF,-1.100102928,-1.644433552,-1.100102928,-1.644433552,-60.03383975,
AEF-1024,Alpheus estuariensis,f,0.02813,0.010044,0.004209,0.005835,0.004209,0.580943847,0.149626733,0.263111018,0.038174,AEF,-1.418232331,-1.998093296,-1.418232331,-1.998093296,-64.29434767,
AEM-1001,Alpheus estuariensis,m,0.056502,0.026784,0.01621,0.010574,0.01621,0.394787933,0.286892499,0.321590663,0.083286,AEM,-1.079427995,-1.572124564,-1.079427995,-1.572124564,-52.59636827,
AEM-1002,Alpheus estuariensis,m,0.06543,0.032308,0.019113,0.013195,0.019113,0.408412777,0.292113709,0.330557204,0.097738,AEM,-1.009936552,-1.490689926,-1.009936552,-1.490689926,-50.62203882,
AEM-1003,Alpheus estuariensis,m,0.087046,0.046157,0.026028,0.020129,0.026028,0.436098533,0.299014314,0.34651622,0.133203,AEM,-0.875485994,-1.335762426,-0.875485994,-1.335762426,-46.97401374,
AEM-1004,Alpheus estuariensis,m,0.066471,0.030753,0.0189,0.011853,0.0189,0.385425812,0.284334522,0.316310787,0.097224,AEM,-1.012226515,-1.512112512,-1.012226515,-1.512112512,-53.73471138,
AEM-1006,Alpheus estuariensis,m,0.053268,0.021304,0.011042,0.010262,0.011042,0.481693579,0.207291432,0.285683635,0.074572,AEM,-1.127424209,-1.671538847,-1.127424209,-1.671538847,-60.00600736,
AEM-1007,Alpheus estuariensis,m,0.075925,0.038244,0.024671,0.013573,0.024671,0.3549053446,0.324939085,0.334977095,0.114169,AEM,-0.942451803,-1.41743669,-0.942451803,-1.41743669,-49.62923938,
AEM-1008,Alpheus estuariensis,m,0.054736,0.018345,0.006821,0.011524,0.006821,0.628182066,0.12461634,0.251022838,0.073081,AEM,-1.136195519,-1.736482284,-1.136195519,-1.736482284,-66.48458053,
AEM-1009,Alpheus estuariensis,m,0.066934,0.03016,0.019298,0.010862,0.019298,0.360145889,0.288313861,0.310626815,0.097094,AEM,-1.012807607,-1.520568663,-1.012807607,-1.520568663,-54.94068784,
AEM-1010,Alpheus estuariensis,m,0.058089,0.031523,0.018537,0.012986,0.018537,0.411953177,0.319113774,0.351772084,0.089612,AEM,-1.04763383,-1.501372458,-1.04763383,-1.501372458,-45.73327136,
AEM-1011,Alpheus estuariensis,m,0.041008,0.021243,0.011838,0.009405,0.011838,0.442734077,0.28867538,0.34124753,0.062251,AEM,-1.205853668,-1.672784151,-1.205853668,-1.672784151,-48.1979126,
AEM-1012,Alpheus estuariensis,m,0.046531,0.017015,0.009584,0.007431,0.009584,0.436732295,0.205970213,0.267758789,0.063546,AEM,-1.196911782,-1.769168047,-1.196911782,-1.769168047,-63.43298016,
AEM-1013,Alpheus estuariensis,m,0.057402,0.024969,0.015805,0.009164,0.015805,0.367015099,0.275338838,0.303128528,0.082371,AEM,-1.084225662,-1.602598851,-1.084225662,-1.602598851,-56.50151563,
AEM-1014,Alpheus estuariensis,m,0.07395,0.025404,0.011598,0.013806,0.011598,0.543457723,0.1568357,0.255691769,0.099354,AEM,-1.002814643,-1.595097896,-1.002814643,-1.595097896,-65.64705882,
AEM-1015,Alpheus estuariensis,m,0.023642,0.006664,0.002976,0.003688,0.002976,0.553421369,0.125877675,0.219890451,0.030306,AEM,-1.518471381,-2.176265012,-1.518471381,-2.176265012,-71.81287539,
AEM-1017,Alpheus estuariensis,m,0.050032,0.023381,0.013158,0.010223,0.013158,0.437235362,0.262991685,0.318485827,0.073413,AEM,-1.134227028,-1.631136918,-1.134227028,-1.631136918,-53.26790854,
AEM-1018,Alpheus estuariensis,m,0.055991,0.026157,0.016828,0.009329,0.016828,0.356654051,0.300548302,0.318413108,0.082148,AEM,-1.085403006,-1.582412068,-1.085403006,-1.582412068,-53.28356343,
AEM-1019,Alpheus estuariensis,m,0.065257,0.032585,0.019864,0.012721,0.019864,0.390394353,0.304396463,0.333036937,0.097842,AEM,-1.009474678,-1.486982275,-1.009474678,-1.486982275,-50.06665952,
AEM-1021,Alpheus estuariensis,m,0.013555,0.003579,0.001575,0.002004,0.001575,0.559932942,0.116193287,0.208882923,0.017134,AEM,-1.766141237,-2.446238302,-1.766141237,-2.446238302,-73.59645887,
AEM-1022,Alpheus estuariensis,m,0.073577,0.034665,0.017488,0.017177,0.017488,0.495514207,0.237682972,0.320254615,0.108242,AEM,-0.965604192,-1.460108795,-0.965604192,-1.460108795,-52.88609212,
AEM-1023,Alpheus estuariensis,m,0.093677,0.04155,0.026988,0.014562,0.026988,0.350469314,0.288096331,0.307261124,0.135227,AEM,-0.868936587,-1.381428972,-0.868936587,-1.381428972,-55.6454626,
AEM-1024,Alpheus estuariensis,m,0.079954,0.039171,0.024231,0.01494,0.024231,0.381404611,0.303061761,0.328822665,0.119125,AEM,-0.923997086,-1.407035341,-0.923997086,-1.407035341,-51.00807965,
UPM-1001,Uca pugilator,m,0.268591,0.146385,0.107873,0.038512,0.107873,0.263087065,0.40162552,0.35275534,0.414976,UPM,-0.38197702,-0.834503423,-0.38197702,-0.834503423,-45.49891843,
UPM-1002,Uca pugilator,m,0.197042,0.107596,0.079532,0.028064,0.079532,0.26082754,0.403629683,0.35319297,0.304638,UPM,-0.516215925,-0.968203874,-0.516215925,-0.968203874,-45.39438292,
UPM-1003,Uca pugilator,m,0.18196,0.09385,0.071778,0.022072,0.071778,0.235183804,0.394471312,0.340270476,0.27581,UPM,-0.559389992,-1.027565723,-0.559389992,-1.027565723,-48.42273027,
UPM-1004,Uca pugilator,m,0.162699,0.085929,0.060452,0.025477,0.060452,0.296488962,0.371557293,0.345612723,0.248628,UPM,-0.604449964,-1.065860242,-0.604449964,-1.065860242,-47.18529309,
UPM-1005,Uca pugilator,m,0.231138,0.129245,0.101539,0.027706,0.101539,0.214368061,0.439300331,0.358632344,0.360383,UPM,-0.443235704,-0.888586249,-0.443235704,-0.888586249,-44.0831884,
UPM-1006,Uca pugilator,m,0.323097,0.222065,0.171562,0.050503,0.171562,0.227424403,0.530992241,0.407337635,0.545162,UPM,-0.263474424,-0.653519886,-0.263474424,-0.653519886,-31.26986632,
UPM-1007,Uca pugilator,m,0.173336,0.085243,0.057404,0.027839,0.057404,0.326584001,0.331171828,0.329659408,0.258579,UPM,-0.587406748,-1.069341274,-0.587406748,-1.069341274,-50.82210274,
UPM-1008,Uca pugilator,m,0.201333,0.094934,0.075328,0.019606,0.075328,0.206522426,0.374146315,0.320433933,0.296267,UPM,-0.52831672,-1.02257822,-0.52831672,-1.02257822,-52.84727293,
UPM-1009,Uca pugilator,m,0.368412,0.193377,0.132917,0.06046,0.132917,0.312653521,0.360783579,0.344216423,0.561789,UPM,-0.250426769,-0.713595182,-0.250426769,-0.713595182,-47.5106674,
UPM-1010,Uca pugilator,m,0.18354,0.099094,0.07469,0.024404,0.07469,0.246271217,0.406941266,0.350608915,0.282634,UPM,-0.548775595,-1.003952641,-0.548775595,-1.003952641,-46.00958919,
UPM-1011,Uca pugilator,m,0.381387,0.265041,0.196993,0.068048,0.196993,0.256745183,0.516517343,0.410008539,0.646428,UPM,-0.18947984,-0.576686939,-0.18947984,-0.576686939,-30.50602144,
UPM-1012,Uca pugilator,m,0.450593,0.419443,0.33547,0.083973,0.33547,0.200201219,0.744507793,0.482098442,0.870036,UPM,-0.060462777,-0.377327049,-0.060462777,-0.377327049,-6.913112276,
UPM-1013,Uca pugilator,m,0.37489,0.228293,0.186593,0.0417,0.186593,0.182660003,0.497727333,0.378480494,0.603183,UPM,-0.219550907,-0.641507405,-0.219550907,-0.641507405,-39.10400384,
UPM-1014,Uca pugilator,m,0.411123,0.305469,0.252093,0.053376,0.252093,0.174734588,0.613181457,0.426280226,0.716592,UPM,-0.144728045,-0.515032857,-0.144728045,-0.515032857,-25.69887844,
UPM-1015,Uca pugilator,m,0.159615,0.05724,0.042253,0.014987,0.042253,0.261827393,0.264718228,0.263955177,0.216855,UPM,-0.66383056,-1.242300375,-0.66383056,-1.242300375,-64.13870877,
UPM-1016,Uca pugilator,m,0.447746,0.286409,0.239956,0.046453,0.239956,0.162191132,0.535919919,0.390120615,0.734155,UPM,-0.134212239,-0.543013339,-0.134212239,-0.543013339,-36.03315272,
UPM-1017,Uca pugilator,m,0.169474,0.092191,0.073817,0.018374,0.073817,0.19930362,0.435565337,0.352324537,0.261665,UPM,-0.582254364,-1.035311474,-0.582254364,-1.035311474,-45.60168521,
UPM-1018,Uca pugilator,m,0.482495,0.344417,0.287942,0.056475,0.287942,0.163972742,0.596777169,0.416509858,0.826912,UPM,-0.082540706,-0.46291542,-0.082540706,-0.46291542,-28.61749863,
UPM-1019,Uca pugilator,m,0.207615,0.136756,0.110162,0.026594,0.110162,0.194463131,0.530607133,0.397118224,0.344371,UPM,-0.462973428,-0.86405361,-0.462973428,-0.86405361,-34.13000024,
UPM-1020,Uca pugilator,m,0.232286,0.165286,0.127163,0.038123,0.127163,0.230648694,0.547441516,0.415738533,0.397572,UPM,-0.400584209,-0.78176393,-0.400584209,-0.78176393,-28.84375296,
UPM-1021,Uca pugilator,m,0.342915,0.235169,0.191815,0.043354,0.191815,0.184352529,0.559366024,0.406807661,0.578084,UPM,-0.238009051,-0.628619928,-0.238009051,-0.628619928,-31.42061444,
UPM-1022,Uca pugilator,m,0.222461,0.103333,0.081695,0.021638,0.081695,0.209400675,0.367232908,0.317172815,0.325794,UPM,-0.487056918,-0.985760962,-0.487056918,-0.985760962,-53.55006046,
UPM-1023,Uca pugilator,m,0.159641,0.076033,0.054264,0.021769,0.054264,0.286309892,0.339912679,0.322619381,0.235674,UPM,-0.627688327,-1.118997873,-0.627688327,-1.118997873,-52.37251082,
UPM-1024,Uca pugilator,m,0.203604,0.124409,0.095646,0.028763,0.095646,0.2311971,0.469764838,0.379280699,0.328013,UPM,-0.484108944,-0.905148201,-0.484108944,-0.905148201,-38.89658356,
UPM-1025,Uca pugilator,m,0.142248,0.071951,0.057506,0.014445,0.057506,0.200761629,0.404265789,0.335907264,0.214199,UPM,-0.669182561,-1.142963166,-0.669182561,-1.142963166,-49.418621,
UPM-1026,Uca pugilator,m,0.192369,0.098794,0.082515,0.016279,0.082515,0.164777213,0.428941254,0.339308223,0.291163,UPM,-0.535863815,-1.00526943,-0.535863815,-1.00526943,-48.64349245,
UPM-1027,Uca pugilator,m,0.381788,0.229285,0.18033,0.048955,0.18033,0.213511569,0.472330194,0.375217036,0.611073,UPM,-0.213906905,-0.639624356,-0.213906905,-0.639624356,-39.94441942,
UPM-1028,Uca pugilator,m,0.39308,0.301545,0.251417,0.050128,0.251417,0.166237212,0.639607713,0.434111931,0.694625,UPM,-0.15824959,-0.520647868,-0.15824959,-0.520647868,-23.28660832,
UPM-1029,Uca pugilator,m,0.437447,0.352955,0.3009,0.052055,0.3009,0.14748339,0.687854757,0.446551249,0.790402,UPM,-0.102151969,-0.452280661,-0.102151969,-0.452280661,-19.31479699,
UPM-1030,Uca pugilator,m,0.177204,0.113031,0.081491,0.03154,0.081491,0.279038494,0.459871109,0.389446483,0.290235,UPM,-0.537250216,-0.94680243,-0.537250216,-0.94680243,-36.21419381,
UPM-1031,Uca pugilator,m,0.245386,0.150454,0.123233,0.027221,0.123233,0.180925731,0.502200615,0.380087914,0.39584,UPM,-0.402480322,-0.822596262,-0.402480322,-0.822596262,-38.68680365,
UPM-1032,Uca pugilator,m,0.147297,0.063513,0.045854,0.017659,0.045854,0.278037567,0.311303014,0.301280774,0.21081,UPM,-0.676108792,-1.197137373,-0.676108792,-1.197137373,-56.88099554,
UPM-1033,Uca pugilator,m,0.169908,0.104139,0.075738,0.028401,0.075738,0.272722035,0.445758881,0.38000416,0.274047,UPM,-0.562174948,-0.982386597,-0.562174948,-0.982386597,-38.70859524,
UPM-1034,Uca pugilator,m,0.118841,0.040907,0.028295,0.012612,0.028295,0.308309091,0.238091231,0.256072064,0.159748,UPM,-0.79656457,-1.388202369,-0.79656457,-1.388202369,-65.57837783,
UPM-1035,Uca pugilator,m,0.527338,0.323272,0.274187,0.049085,0.274187,0.151838081,0.519945462,0.38004726,0.85061,UPM,-0.070269516,-0.49043191,-0.070269516,-0.49043191,-38.69738194,
UPM-1036,Uca pugilator,m,0.118675,0.06889,0.053215,0.015675,0.053215,0.227536653,0.448409522,0.367286008,0.187565,UPM,-0.726848199,-1.161843815,-0.726848199,-1.161843815,-41.95070571,
UPM-1037,Uca pugilator,m,0.210489,0.118806,0.092451,0.026355,0.092451,0.221832231,0.439220102,0.360788958,0.329295,UPM,-0.482414864,-0.925161626,-0.482414864,-0.925161626,-43.5571455,
UPM-1038,Uca pugilator,m,0.145298,0.057652,0.043239,0.014413,0.043239,0.25,0.297588405,0.284069968,0.20295,UPM,-0.692610944,-1.239185622,-0.692610944,-1.239185622,-60.32154606,
UPM-1039,Uca pugilator,m,0.322708,0.139521,0.111317,0.028204,0.111317,0.20214878,0.344946515,0.301843891,0.462229,UPM,-0.335142811,-0.85536042,-0.335142811,-0.85536042,-56.76555896,
UPM-1040,Uca pugilator,m,0.165743,0.097661,0.075521,0.02214,0.075521,0.226702573,0.455651219,0.370765061,0.263404,UPM,-0.579377634,-1.010278833,-0.579377634,-1.010278833,-41.07684789,
UPM-1041,Uca pugilator,m,0.198723,0.088619,0.068808,0.019811,0.068808,0.223552511,0.346250811,0.308409491,0.287342,UPM,-0.54160089,-1.052473155,-0.54160089,-1.052473155,-55.40576581,
UPM-1042,Uca pugilator,m,0.154818,0.075045,0.057107,0.017938,0.057107,0.239029915,0.368865377,0.326477075,0.229863,UPM,-0.63853093,-1.124678238,-0.63853093,-1.124678238,-51.52695423,
UPM-1043,Uca pugilator,m,0.245877,0.167777,0.133715,0.034062,0.133715,0.203019484,0.543828825,0.405597432,0.413654,UPM,-0.383362772,-0.775267575,-0.383362772,-0.775267575,-31.7638494,
UPM-1044,Uca pugilator,m,0.308611,0.184009,0.153619,0.03039,0.153619,0.165154965,0.497775517,0.373531322,0.49262,UPM,-0.30748796,-0.735160935,-0.30748796,-0.735160935,-40.37510005,
UPM-1045,Uca pugilator,m,0.144785,0.07205,0.054099,0.017951,0.054099,0.249146426,0.373650585,0.332280305,0.216835,UPM,-0.663870616,-1.142366015,-0.663870616,-1.142366015,-50.23655765,
UPM-1046,Uca pugilator,m,0.298154,0.20445,0.171081,0.033369,0.171081,0.1632135,0.573800788,0.406781482,0.502604,UPM,-0.298774059,-0.689412885,-0.298774059,-0.689412885,-31.42805396,
UPM-1047,Uca pugilator,m,0.287975,0.2012,0.159551,0.041649,0.159551,0.207002982,0.554044622,0.411304748,0.489175,UPM,-0.310535746,-0.696372024,-0.310535746,-0.696372024,-30.13282403,
UPM-1048,Uca pugilator,m,0.231621,0.138864,0.112914,0.02595,0.112914,0.186873488,0.487494657,0.374816794,0.370485,UPM,-0.431229371,-0.857410329,-0.431229371,-0.857410329,-40.04688694,
UPM-1049,Uca pugilator,m,0.1933,0.073179,0.045444,0.027735,0.045444,0.379002173,0.235095706,0.27461451,0.266479,UPM,-0.57433701,-1.135613529,-0.57433701,-1.135613529,-62.14226591,
UPM-1050,Uca pugilator,m,0.155793,0.082574,0.065471,0.017103,0.065471,0.207123308,0.420243528,0.346415401,0.238367,UPM,-0.622753869,-1.083156677,-0.622753869,-1.083156677,-46.99761863,
UPM-1051,Uca pugilator,m,0.147359,0.070582,0.052556,0.018026,0.052556,0.255390893,0.3566528,0.323858292,0.217941,UPM,-0.661661061,-1.15130604,-0.661661061,-1.15130604,-52.10200938,